setting,mean_kappa,std_kappa,cv_pct,n_clips
slow,5.318161964416504,2.1238167244287323,39.93516441655333,10
mid,5.834794676303863,2.3531037231353595,40.32881795637691,10
fast,4.810277569293976,2.2479257107019586,46.731725525590164,10
