setting,kappa_0_loss,kappa_learned_loss,reduction_pct
slow,0.07842099666595459,0.073725126683712,5.98802639839597
mid,1.0049337148666382,0.8144278526306152,18.957057507151546
fast,0.27425456047058105,0.24532850086688995,10.547157193688292
