integrator,energy_drift,ode_residual
euler,0.01193530857562422,0.0001441520798331707
stormer_verlet,0.00023242831230151952,1.3648508304763433e-07
rk4,6.407499313351288e-07,1.8898900069879842e-14
yoshida4,1.162290573119536e-06,2.052635675522975e-12
